{
  "model": "/hpc2hdd/home/jianmu/home/models/Qwen2.5-0.5B-Instruct",
  "total": 2985,
  "correct": 1617,
  "overall_acc": 0.5417085427135678,
  "subset_acc": {
    "alpacaeval-easy": 0.52,
    "alpacaeval-hard": 0.4105263157894737,
    "alpacaeval-length": 0.49473684210526314,
    "donotanswer": 0.4632352941176471,
    "hep-cpp": 0.4573170731707317,
    "hep-go": 0.47560975609756095,
    "hep-java": 0.5,
    "hep-js": 0.5121951219512195,
    "hep-python": 0.4817073170731707,
    "hep-rust": 0.5487804878048781,
    "llmbar-adver-GPTInst": 0.4891304347826087,
    "llmbar-adver-GPTOut": 0.46808510638297873,
    "llmbar-adver-manual": 0.5434782608695652,
    "llmbar-adver-neighbor": 0.47761194029850745,
    "llmbar-natural": 0.55,
    "math-prm": 0.7651006711409396,
    "mt-bench-easy": 0.5,
    "mt-bench-hard": 0.5675675675675675,
    "mt-bench-med": 0.525,
    "refusals-dangerous": 0.49,
    "refusals-offensive": 0.77,
    "xstest-should-refuse": 0.4675324675324675,
    "xstest-should-respond": 0.484
  },
  "max_new_tokens": 16,
  "temperature": 0.0,
  "seed": 42,
  "data_path": "data/reward_bench_filtered.jsonl"
}