{
  "type_name": "overall",
  "total": 2985,
  "correct": 1472,
  "overall_acc": 0.4931323283082077,
  "subset_acc": {
    "alpacaeval-easy": 0.42,
    "alpacaeval-hard": 0.4631578947368421,
    "alpacaeval-length": 0.5473684210526316,
    "mt-bench-easy": 0.6428571428571429,
    "mt-bench-med": 0.525,
    "mt-bench-hard": 0.4864864864864865,
    "llmbar-natural": 0.51,
    "llmbar-adver-neighbor": 0.6268656716417911,
    "llmbar-adver-GPTInst": 0.5108695652173914,
    "llmbar-adver-GPTOut": 0.425531914893617,
    "llmbar-adver-manual": 0.5217391304347826,
    "refusals-dangerous": 0.31,
    "refusals-offensive": 0.54,
    "xstest-should-respond": 0.424,
    "xstest-should-refuse": 0.6753246753246753,
    "donotanswer": 0.5735294117647058,
    "hep-python": 0.4878048780487805,
    "hep-go": 0.5060975609756098,
    "hep-cpp": 0.5,
    "hep-js": 0.573170731707317,
    "hep-rust": 0.4329268292682927,
    "hep-java": 0.524390243902439,
    "math-prm": 0.407158836689038
  }
}