{
  "model": "/hpc2hdd/home/jianmu/home/models/Qwen2.5-0.5B-Instruct",
  "total": 2985,
  "correct": 1891,
  "overall_acc": 0.633500837520938,
  "subset_acc": {
    "alpacaeval-easy": 0.7,
    "alpacaeval-hard": 0.9368421052631579,
    "alpacaeval-length": 0.7473684210526316,
    "mt-bench-easy": 0.32142857142857145,
    "mt-bench-med": 0.525,
    "mt-bench-hard": 0.6756756756756757,
    "llmbar-natural": 0.6,
    "llmbar-adver-neighbor": 0.4253731343283582,
    "llmbar-adver-GPTInst": 0.21739130434782608,
    "llmbar-adver-GPTOut": 0.3617021276595745,
    "llmbar-adver-manual": 0.2608695652173913,
    "refusals-dangerous": 0.3,
    "refusals-offensive": 0.82,
    "xstest-should-respond": 0.72,
    "xstest-should-refuse": 0.42857142857142855,
    "donotanswer": 0.20588235294117646,
    "hep-python": 0.9390243902439024,
    "hep-go": 0.8841463414634146,
    "hep-cpp": 0.9024390243902439,
    "hep-js": 0.9146341463414634,
    "hep-rust": 0.9146341463414634,
    "hep-java": 0.9573170731707317,
    "math-prm": 0.33557046979865773
  }
}