{
  "overall": {
    "pref_acc": 0.9762867903473288,
    "cls_acc": 0.922964318389753,
    "reg_mse": 0.023441892063056236
  },
  "types": {
    "math_final_answer": {
      "pref_acc": 0.9603418803418804,
      "cls_acc": 0.9040999057492931,
      "reg_mse": 0.07891456262525919
    },
    "math_reasoning_validity": {
      "pref_acc": 0.9872761545711592,
      "reg_mse": 0.0009127226240487497
    },
    "reasoning_complexity": {
      "reg_mse": 0.009458426484751568
    },
    "format_adherence": {
      "reg_mse": 0.0001359113961639344
    },
    "step_correctness": {
      "cls_acc": 0.9885339885339886
    }
  }
}