{
  "overall": {
    "pref_acc": 0.6717812805133212
  },
  "types": {
    "math_final_answer": {
      "pref_acc": 0.602051282051282
    },
    "math_reasoning_validity": {
      "pref_acc": 0.7198397737983034
    }
  }
}